"topic","dat","databaseName","sourceURL","variableID","var","variableName","infoURL","API","ver","resDefault","dataDatePublished","public","licenseName","resolution","bibtex","text","tags","defaultVariable","itemID","dateAdded","itemSucceeds","itemVersion","codeDate","codeFile","primitive","email","coder","class","language","dependencies","depURL","datafileName","dataID","dataDOI","primaryURL","secondaryURL","fileMD5","chronos","ext","repoName","defaultClass"
"fossils","pbdb","The Paleobiology Database","https://paleobiodb.org/",5,"base","Basic denormalized occurrence table (chronosphere)","https://chronosphere-portal.github.io/docs/pbdb/","https://paleobiodb.org/data1.2/occs/list.csv?datainfo&rowcount&interval=Ediacaran,Holocene&show=class,classext,genus,subgenus,coll,coords,loc,paleoloc,strat,stratext,lith,env,ref,crmod,timebins,timecompare,refattr,entname,attr,ident,img,plant,abund,ecospace,taphonomy,etbasis,pres,prot,lithext,geo,methods,resgroup,refattr,ent","20191122",1,"2019-11-22",1,"CC BY 4.0","species","NA","Please remember to acknowledge the Paleobiology Database (http://paleobiodb.org) in your publication.","paleo,occurrences",FALSE,7,"2022-08-10",NA,1,"2022-08-10","7_pbdb_occs.R",1,"adam.kocsis@fau.de","Adam Tibor Kocsis","data.frame","R",NA,NA,"pbdb_occs.rds",7,"testDOI_pbdb1","https://sandbox.zenodo.org/record/1091782/files/pbdb_occs.rds?download=1","https://www.cnidaria.nat.fau.de/tersane/public/chronosphere/chrono-arch-1/archive/pbdb_occs_20191122_species/pbdb_occs.rds","md5string",1,"rds","Zenodo","data.frame"
"fossils","pbdb","The Paleobiology Database","https://paleobiodb.org/",5,"base","Basic denormalized occurrence table (chronosphere)","https://chronosphere-portal.github.io/docs/pbdb/","https://paleobiodb.org/data1.2/occs/list.csv?datainfo&rowcount&interval=Ediacaran,Holocene&show=class,classext,genus,subgenus,coll,coords,loc,paleoloc,strat,stratext,lith,env,ref,crmod,timebins,timecompare,refattr,entname,attr,ident,img,plant,abund,ecospace,taphonomy,etbasis,pres,prot,lithext,geo,methods,resgroup,refattr,ent","20200217",1,"2020-02-17",1,"CC BY 4.0","species","NA","Please remember to acknowledge the Paleobiology Database (http://paleobiodb.org) in your publication.","paleo,occurrences",FALSE,8,"2022-08-10",NA,1,"2022-08-10","7_pbdb_occs.R",1,"adam.kocsis@fau.de","Adam Tibor Kocsis","data.frame","R",NA,NA,"pbdb_occs.rds",8,"testDOI_pbdb2","https://www.cnidaria.nat.fau.de/tersane/public/chronosphere/chrono-arch-1/archive/pbdb_occs_20200217_species/pbdb_occs.rds",NA,"md5string",1,"rds","Zenodo","data.frame"
"fossils","pbdb","The Paleobiology Database","https://paleobiodb.org/",7,"baseref","Basic denormalized occurrence table with references","https://chronosphere-portal.github.io/docs/pbdb/","https://paleobiodb.org/data1.2/occs/list.csv?datainfo&rowcount&interval=Ediacaran,Holocene&show=class,classext,genus,subgenus,coll,coords,loc,paleoloc,strat,stratext,lith,env,ref,crmod,timebins,timecompare,refattr,entname","20200909",1,"2020-09-09",1,"CC BY 4.0","species","NA","Please remember to acknowledge the Paleobiology Database (http://paleobiodb.org) in your publication.","paleo,occurrences",FALSE,10,"2022-10-21",NA,1,"2022-08-10","7_pbdb_occs.R",1,"adam.kocsis@fau.de","Adam Tibor Kocsis","data.frame","R",NA,NA,"pbdb_occs.rds",10,"10.5072/zenodo.1091782","https://sandbox.zenodo.org/record/1091782/files/pbdb_occs.rds?download=1",NA,"6daddca6113f0e22e22019ce6910589b",1,"rds","Zenodo","data.frame"
"fossils","pbdb","The Paleobiology Database","https://paleobiodb.org/",8,"base3","Basic denormalized occurrence table with references, updated with abundances","https://chronosphere-portal.github.io/docs/pbdb/","https://paleobiodb.org/data1.2/occs/list.csv?datainfo&rowcount&interval=Ediacaran,Holocene&show=class,classext,genus,subgenus,coll,coords,loc,paleoloc,strat,stratext,lith,env,ref,crmod,timebins,timecompare,refattr,entname,attr,ident,img,plant,abund,ecospace,taphonomy,etbasis,pres,prot,lithext,geo,methods,resgroup,refattr,ent","20210518",1,"2021-05-18",1,"CC BY 4.0","species","NA","Please remember to acknowledge the Paleobiology Database (http://paleobiodb.org) in your publication.","paleo,occurrences",TRUE,11,"2022-10-21",NA,1,"2022-08-10","7_pbdb_occs.R",1,"adam.kocsis@fau.de","Adam Tibor Kocsis","data.frame","R",NA,NA,"pbdb_occs.rds",11,"10.5072/zenodo.1092643","https://sandbox.zenodo.org/record/1092643/files/pbdb_occs.rds?download=1",NA,"e795a887c1861f04598970b8a52680d9",1,"rds","Zenodo","data.frame"
"fossils","pbdb","The Paleobiology Database","https://paleobiodb.org/",5,"base","Basic denormalized occurrence table (chronosphere)","https://chronosphere-portal.github.io/docs/pbdb/","https://paleobiodb.org/data1.2/occs/list.csv?datainfo&rowcount&interval=Ediacaran,Holocene&show=class,classext,genus,subgenus,coll,coords,loc,paleoloc,strat,stratext,lith,env,ref,crmod,timebins,timecompare,refattr,entname,attr,ident,img,plant,abund,ecospace,taphonomy,etbasis,pres,prot,lithext,geo,methods,resgroup,refattr,ent","20211125",1,"2021-11-25",1,"CC BY 4.0","species","NA","Please remember to acknowledge the Paleobiology Database (http://paleobiodb.org) in your publication.","paleo,occurrences",FALSE,12,"2022-10-24",NA,1,"2022-10-24","9_pbdb_occs_base.R",1,"adam.kocsis@fau.de","Adam Tibor Kocsis","data.frame","R",NA,NA,"pbdb_occs.rds",12,"10.5072/zenodo.1116575","https://sandbox.zenodo.org/record/1116575/files/pbdb_occs.rds?download=1",NA,"8cbb0e46bdf29f17e7e750a9e6f8d27a",1,"rds","Zenodo","data.frame"
"fossils","pbdb","The Paleobiology Database","https://paleobiodb.org/",7,"baseref","Basic denormalized occurrence table with references","https://chronosphere-portal.github.io/docs/pbdb/","https://paleobiodb.org/data1.2/occs/list.csv?datainfo&rowcount&interval=Ediacaran,Holocene&show=class,classext,genus,subgenus,coll,coords,loc,paleoloc,strat,stratext,lith,env,ref,crmod,timebins,timecompare,refattr,entname","20211125",1,"2021-11-25",1,"CC BY 4.0","species","NA","Please remember to acknowledge the Paleobiology Database (http://paleobiodb.org) in your publication.","paleo,occurrences",FALSE,13,"2022-10-24",NA,1,"2022-10-24","10_pbdb_occs_baseref.R",1,"adam.kocsis@fau.de","Adam Tibor Kocsis","data.frame","R",NA,NA,"pbdb_occs.rds",12,"10.5072/zenodo.1116575","https://sandbox.zenodo.org/record/1116575/files/pbdb_occs.rds?download=1",NA,"8cbb0e46bdf29f17e7e750a9e6f8d27a",1,"rds","Zenodo","data.frame"
"fossils","pbdb","The Paleobiology Database","https://paleobiodb.org/",5,"base","Basic denormalized occurrence table (chronosphere)","https://chronosphere-portal.github.io/docs/pbdb/","https://paleobiodb.org/data1.2/occs/list.csv?datainfo&rowcount&interval=Ediacaran,Holocene&show=class,classext,genus,subgenus,coll,coords,loc,paleoloc,strat,stratext,lith,env,ref,crmod,timebins,timecompare,refattr,entname,attr,ident,img,plant,abund,ecospace,taphonomy,etbasis,pres,prot,lithext,geo,methods,resgroup,refattr,ent","20220414",1,"2022-04-14",1,"CC BY 4.0","species","NA","Please remember to acknowledge the Paleobiology Database (http://paleobiodb.org) in your publication.","paleo,occurrences",FALSE,14,"2022-10-24",NA,1,"2022-10-24","9_pbdb_occs_base.R",1,"adam.kocsis@fau.de","Adam Tibor Kocsis","data.frame","R",NA,NA,"pbdb_occs.rds",14,"10.5072/zenodo.1121990","https://sandbox.zenodo.org/record/1121990/files/pbdb_occs.rds?download=1",NA,"a46c7cb1d5ee48cd318eec8e92895c1b",1,"rds","Zenodo","data.frame"
"fossils","pbdb","The Paleobiology Database","https://paleobiodb.org/",7,"baseref","Basic denormalized occurrence table with references","https://chronosphere-portal.github.io/docs/pbdb/","https://paleobiodb.org/data1.2/occs/list.csv?datainfo&rowcount&interval=Ediacaran,Holocene&show=class,classext,genus,subgenus,coll,coords,loc,paleoloc,strat,stratext,lith,env,ref,crmod,timebins,timecompare,refattr,entname","20220414",1,"2022-04-14",1,"CC BY 4.0","species","NA","Please remember to acknowledge the Paleobiology Database (http://paleobiodb.org) in your publication.","paleo,occurrences",FALSE,15,"2022-10-24",NA,1,"2022-10-24","10_pbdb_occs_baseref.R",1,"adam.kocsis@fau.de","Adam Tibor Kocsis","data.frame","R",NA,NA,"pbdb_occs.rds",14,"10.5072/zenodo.1121990","https://sandbox.zenodo.org/record/1121990/files/pbdb_occs.rds?download=1",NA,"a46c7cb1d5ee48cd318eec8e92895c1b",1,"rds","Zenodo","data.frame"
"fossils","pbdb","The Paleobiology Database","https://paleobiodb.org/",8,"base3","Basic denormalized occurrence table with references, updated with abundances","https://chronosphere-portal.github.io/docs/pbdb/","https://paleobiodb.org/data1.2/occs/list.csv?datainfo&rowcount&interval=Ediacaran,Holocene&show=class,classext,genus,subgenus,coll,coords,loc,paleoloc,strat,stratext,lith,env,ref,crmod,timebins,timecompare,refattr,entname,attr,ident,img,plant,abund,ecospace,taphonomy,etbasis,pres,prot,lithext,geo,methods,resgroup,refattr,ent","20220414",1,"2022-04-14",1,"CC BY 4.0","species","NA","Please remember to acknowledge the Paleobiology Database (http://paleobiodb.org) in your publication.","paleo,occurrences",TRUE,16,"2022-10-24",NA,1,"2022-08-10","7_pbdb_occs.R",1,"adam.kocsis@fau.de","Adam Tibor Kocsis","data.frame","R",NA,NA,"pbdb_occs.rds",14,"10.5072/zenodo.1121990","https://sandbox.zenodo.org/record/1121990/files/pbdb_occs.rds?download=1",NA,"a46c7cb1d5ee48cd318eec8e92895c1b",1,"rds","Zenodo","data.frame"
"fossils","pbdb","The Paleobiology Database","https://paleobiodb.org/",5,"base","Basic denormalized occurrence table (chronosphere)","https://chronosphere-portal.github.io/docs/pbdb/","https://paleobiodb.org/data1.2/occs/list.csv?datainfo&rowcount&interval=Ediacaran,Holocene&show=class,classext,genus,subgenus,coll,coords,loc,paleoloc,strat,stratext,lith,env,ref,crmod,timebins,timecompare,refattr,entname,attr,ident,img,plant,abund,ecospace,taphonomy,etbasis,pres,prot,lithext,geo,methods,resgroup,refattr,ent","20220415",1,"2022-04-15",1,"CC BY 4.0","species","NA","Please remember to acknowledge the Paleobiology Database (http://paleobiodb.org) in your publication.","paleo,occurrences",FALSE,17,"2022-10-24",NA,1,"2022-10-24","9_pbdb_occs_base.R",1,"adam.kocsis@fau.de","Adam Tibor Kocsis","data.frame","R",NA,NA,"pbdb_occs.rds",17,"10.5072/zenodo.1121991","https://sandbox.zenodo.org/record/1121991/files/pbdb_occs.rds?download=1",NA,"2c07221017841382c3dd247dcae76611",1,"rds","Zenodo","data.frame"
"fossils","pbdb","The Paleobiology Database","https://paleobiodb.org/",7,"baseref","Basic denormalized occurrence table with references","https://chronosphere-portal.github.io/docs/pbdb/","https://paleobiodb.org/data1.2/occs/list.csv?datainfo&rowcount&interval=Ediacaran,Holocene&show=class,classext,genus,subgenus,coll,coords,loc,paleoloc,strat,stratext,lith,env,ref,crmod,timebins,timecompare,refattr,entname","20220415",1,"2022-04-15",1,"CC BY 4.0","species","NA","Please remember to acknowledge the Paleobiology Database (http://paleobiodb.org) in your publication.","paleo,occurrences",FALSE,18,"2022-10-24",NA,1,"2022-10-24","10_pbdb_occs_baseref.R",1,"adam.kocsis@fau.de","Adam Tibor Kocsis","data.frame","R",NA,NA,"pbdb_occs.rds",17,"10.5072/zenodo.1121991","https://sandbox.zenodo.org/record/1121991/files/pbdb_occs.rds?download=1",NA,"2c07221017841382c3dd247dcae76611",1,"rds","Zenodo","data.frame"
"fossils","pbdb","The Paleobiology Database","https://paleobiodb.org/",8,"base3","Basic denormalized occurrence table with references, updated with abundances","https://chronosphere-portal.github.io/docs/pbdb/","https://paleobiodb.org/data1.2/occs/list.csv?datainfo&rowcount&interval=Ediacaran,Holocene&show=class,classext,genus,subgenus,coll,coords,loc,paleoloc,strat,stratext,lith,env,ref,crmod,timebins,timecompare,refattr,entname,attr,ident,img,plant,abund,ecospace,taphonomy,etbasis,pres,prot,lithext,geo,methods,resgroup,refattr,ent","20220415",1,"2022-04-15",1,"CC BY 4.0","species","NA","Please remember to acknowledge the Paleobiology Database (http://paleobiodb.org) in your publication.","paleo,occurrences",TRUE,19,"2022-10-24",NA,1,"2022-08-10","7_pbdb_occs.R",1,"adam.kocsis@fau.de","Adam Tibor Kocsis","data.frame","R",NA,NA,"pbdb_occs.rds",17,"10.5072/zenodo.1121991","https://sandbox.zenodo.org/record/1121991/files/pbdb_occs.rds?download=1",NA,"2c07221017841382c3dd247dcae76611",1,"rds","Zenodo","data.frame"
"fossils","pbdb","The Paleobiology Database","https://paleobiodb.org/",5,"base","Basic denormalized occurrence table (chronosphere)","https://chronosphere-portal.github.io/docs/pbdb/","https://paleobiodb.org/data1.2/occs/list.csv?datainfo&rowcount&interval=Ediacaran,Holocene&show=class,classext,genus,subgenus,coll,coords,loc,paleoloc,strat,stratext,lith,env,ref,crmod,timebins,timecompare,refattr,entname,attr,ident,img,plant,abund,ecospace,taphonomy,etbasis,pres,prot,lithext,geo,methods,resgroup,refattr,ent","20220417",1,"2022-04-17",1,"CC BY 4.0","species","NA","Please remember to acknowledge the Paleobiology Database (http://paleobiodb.org) in your publication.","paleo,occurrences",FALSE,20,"2022-10-24",NA,1,"2022-10-24","9_pbdb_occs_base.R",1,"adam.kocsis@fau.de","Adam Tibor Kocsis","data.frame","R",NA,NA,"pbdb_occs.rds",20,"10.5072/zenodo.1121992","https://sandbox.zenodo.org/record/1121992/files/pbdb_occs.rds?download=1",NA,"4d8afdff9682136ef539ad8ec90b9bb2",1,"rds","Zenodo","data.frame"
"fossils","pbdb","The Paleobiology Database","https://paleobiodb.org/",7,"baseref","Basic denormalized occurrence table with references","https://chronosphere-portal.github.io/docs/pbdb/","https://paleobiodb.org/data1.2/occs/list.csv?datainfo&rowcount&interval=Ediacaran,Holocene&show=class,classext,genus,subgenus,coll,coords,loc,paleoloc,strat,stratext,lith,env,ref,crmod,timebins,timecompare,refattr,entname","20220417",1,"2022-04-17",1,"CC BY 4.0","species","NA","Please remember to acknowledge the Paleobiology Database (http://paleobiodb.org) in your publication.","paleo,occurrences",FALSE,21,"2022-10-24",NA,1,"2022-10-24","10_pbdb_occs_baseref.R",1,"adam.kocsis@fau.de","Adam Tibor Kocsis","data.frame","R",NA,NA,"pbdb_occs.rds",20,"10.5072/zenodo.1121992","https://sandbox.zenodo.org/record/1121992/files/pbdb_occs.rds?download=1",NA,"4d8afdff9682136ef539ad8ec90b9bb2",1,"rds","Zenodo","data.frame"
"fossils","pbdb","The Paleobiology Database","https://paleobiodb.org/",8,"base3","Basic denormalized occurrence table with references, updated with abundances","https://chronosphere-portal.github.io/docs/pbdb/","https://paleobiodb.org/data1.2/occs/list.csv?datainfo&rowcount&interval=Ediacaran,Holocene&show=class,classext,genus,subgenus,coll,coords,loc,paleoloc,strat,stratext,lith,env,ref,crmod,timebins,timecompare,refattr,entname,attr,ident,img,plant,abund,ecospace,taphonomy,etbasis,pres,prot,lithext,geo,methods,resgroup,refattr,ent","20220417",1,"2022-04-17",1,"CC BY 4.0","species","NA","Please remember to acknowledge the Paleobiology Database (http://paleobiodb.org) in your publication.","paleo,occurrences",TRUE,22,"2022-10-24",NA,1,"2022-08-10","7_pbdb_occs.R",1,"adam.kocsis@fau.de","Adam Tibor Kocsis","data.frame","R",NA,NA,"pbdb_occs.rds",20,"10.5072/zenodo.1121992","https://sandbox.zenodo.org/record/1121992/files/pbdb_occs.rds?download=1",NA,"4d8afdff9682136ef539ad8ec90b9bb2",1,"rds","Zenodo","data.frame"
"fossils","pbdb","The Paleobiology Database","https://paleobiodb.org/",5,"base","Basic denormalized occurrence table (chronosphere)","https://chronosphere-portal.github.io/docs/pbdb/","https://paleobiodb.org/data1.2/occs/list.csv?datainfo&rowcount&interval=Ediacaran,Holocene&show=class,classext,genus,subgenus,coll,coords,loc,paleoloc,strat,stratext,lith,env,ref,crmod,timebins,timecompare,refattr,entname,attr,ident,img,plant,abund,ecospace,taphonomy,etbasis,pres,prot,lithext,geo,methods,resgroup,refattr,ent","20220418",1,"2022-04-18",1,"CC BY 4.0","species","NA","Please remember to acknowledge the Paleobiology Database (http://paleobiodb.org) in your publication.","paleo,occurrences",FALSE,23,"2022-10-24",NA,1,"2022-10-24","9_pbdb_occs_base.R",1,"adam.kocsis@fau.de","Adam Tibor Kocsis","data.frame","R",NA,NA,"pbdb_occs.rds",23,"10.5072/zenodo.1121993","https://sandbox.zenodo.org/record/1121993/files/pbdb_occs.rds?download=1",NA,"4d8afdff9682136ef539ad8ec90b9bb2",1,"rds","Zenodo","data.frame"
"fossils","pbdb","The Paleobiology Database","https://paleobiodb.org/",7,"baseref","Basic denormalized occurrence table with references","https://chronosphere-portal.github.io/docs/pbdb/","https://paleobiodb.org/data1.2/occs/list.csv?datainfo&rowcount&interval=Ediacaran,Holocene&show=class,classext,genus,subgenus,coll,coords,loc,paleoloc,strat,stratext,lith,env,ref,crmod,timebins,timecompare,refattr,entname","20220418",1,"2022-04-18",1,"CC BY 4.0","species","NA","Please remember to acknowledge the Paleobiology Database (http://paleobiodb.org) in your publication.","paleo,occurrences",FALSE,24,"2022-10-24",NA,1,"2022-10-24","10_pbdb_occs_baseref.R",1,"adam.kocsis@fau.de","Adam Tibor Kocsis","data.frame","R",NA,NA,"pbdb_occs.rds",23,"10.5072/zenodo.1121993","https://sandbox.zenodo.org/record/1121993/files/pbdb_occs.rds?download=1",NA,"4d8afdff9682136ef539ad8ec90b9bb2",1,"rds","Zenodo","data.frame"
"fossils","pbdb","The Paleobiology Database","https://paleobiodb.org/",8,"base3","Basic denormalized occurrence table with references, updated with abundances","https://chronosphere-portal.github.io/docs/pbdb/","https://paleobiodb.org/data1.2/occs/list.csv?datainfo&rowcount&interval=Ediacaran,Holocene&show=class,classext,genus,subgenus,coll,coords,loc,paleoloc,strat,stratext,lith,env,ref,crmod,timebins,timecompare,refattr,entname,attr,ident,img,plant,abund,ecospace,taphonomy,etbasis,pres,prot,lithext,geo,methods,resgroup,refattr,ent","20220418",1,"2022-04-18",1,"CC BY 4.0","species","NA","Please remember to acknowledge the Paleobiology Database (http://paleobiodb.org) in your publication.","paleo,occurrences",TRUE,25,"2022-10-24",NA,1,"2022-08-10","7_pbdb_occs.R",1,"adam.kocsis@fau.de","Adam Tibor Kocsis","data.frame","R",NA,NA,"pbdb_occs.rds",23,"10.5072/zenodo.1121993","https://sandbox.zenodo.org/record/1121993/files/pbdb_occs.rds?download=1",NA,"4d8afdff9682136ef539ad8ec90b9bb2",1,"rds","Zenodo","data.frame"
"fossils","pbdb","The Paleobiology Database","https://paleobiodb.org/",5,"base","Basic denormalized occurrence table (chronosphere)","https://chronosphere-portal.github.io/docs/pbdb/","https://paleobiodb.org/data1.2/occs/list.csv?datainfo&rowcount&interval=Ediacaran,Holocene&show=class,classext,genus,subgenus,coll,coords,loc,paleoloc,strat,stratext,lith,env,ref,crmod,timebins,timecompare,refattr,entname,attr,ident,img,plant,abund,ecospace,taphonomy,etbasis,pres,prot,lithext,geo,methods,resgroup,refattr,ent","20220421",1,"2022-04-21",1,"CC BY 4.0","species","NA","Please remember to acknowledge the Paleobiology Database (http://paleobiodb.org) in your publication.","paleo,occurrences",FALSE,26,"2022-10-24",NA,1,"2022-10-24","9_pbdb_occs_base.R",1,"adam.kocsis@fau.de","Adam Tibor Kocsis","data.frame","R",NA,NA,"pbdb_occs.rds",26,"10.5072/zenodo.1121994","https://sandbox.zenodo.org/record/1121994/files/pbdb_occs.rds?download=1",NA,"98d42fa42c10171d94c07bd1d7178f19",1,"rds","Zenodo","data.frame"
"fossils","pbdb","The Paleobiology Database","https://paleobiodb.org/",7,"baseref","Basic denormalized occurrence table with references","https://chronosphere-portal.github.io/docs/pbdb/","https://paleobiodb.org/data1.2/occs/list.csv?datainfo&rowcount&interval=Ediacaran,Holocene&show=class,classext,genus,subgenus,coll,coords,loc,paleoloc,strat,stratext,lith,env,ref,crmod,timebins,timecompare,refattr,entname","20220421",1,"2022-04-21",1,"CC BY 4.0","species","NA","Please remember to acknowledge the Paleobiology Database (http://paleobiodb.org) in your publication.","paleo,occurrences",FALSE,27,"2022-10-24",NA,1,"2022-10-24","10_pbdb_occs_baseref.R",1,"adam.kocsis@fau.de","Adam Tibor Kocsis","data.frame","R",NA,NA,"pbdb_occs.rds",26,"10.5072/zenodo.1121994","https://sandbox.zenodo.org/record/1121994/files/pbdb_occs.rds?download=1",NA,"98d42fa42c10171d94c07bd1d7178f19",1,"rds","Zenodo","data.frame"
"fossils","pbdb","The Paleobiology Database","https://paleobiodb.org/",8,"base3","Basic denormalized occurrence table with references, updated with abundances","https://chronosphere-portal.github.io/docs/pbdb/","https://paleobiodb.org/data1.2/occs/list.csv?datainfo&rowcount&interval=Ediacaran,Holocene&show=class,classext,genus,subgenus,coll,coords,loc,paleoloc,strat,stratext,lith,env,ref,crmod,timebins,timecompare,refattr,entname,attr,ident,img,plant,abund,ecospace,taphonomy,etbasis,pres,prot,lithext,geo,methods,resgroup,refattr,ent","20220421",1,"2022-04-21",1,"CC BY 4.0","species","NA","Please remember to acknowledge the Paleobiology Database (http://paleobiodb.org) in your publication.","paleo,occurrences",TRUE,28,"2022-10-24",NA,1,"2022-08-10","7_pbdb_occs.R",1,"adam.kocsis@fau.de","Adam Tibor Kocsis","data.frame","R",NA,NA,"pbdb_occs.rds",26,"10.5072/zenodo.1121994","https://sandbox.zenodo.org/record/1121994/files/pbdb_occs.rds?download=1",NA,"98d42fa42c10171d94c07bd1d7178f19",1,"rds","Zenodo","data.frame"
"fossils","pbdb","The Paleobiology Database","https://paleobiodb.org/",5,"base","Basic denormalized occurrence table (chronosphere)","https://chronosphere-portal.github.io/docs/pbdb/","https://paleobiodb.org/data1.2/occs/list.csv?datainfo&rowcount&interval=Ediacaran,Holocene&show=class,classext,genus,subgenus,coll,coords,loc,paleoloc,strat,stratext,lith,env,ref,crmod,timebins,timecompare,refattr,entname,attr,ident,img,plant,abund,ecospace,taphonomy,etbasis,pres,prot,lithext,geo,methods,resgroup,refattr,ent","20220422",1,"2022-04-22",1,"CC BY 4.0","species","NA","Please remember to acknowledge the Paleobiology Database (http://paleobiodb.org) in your publication.","paleo,occurrences",FALSE,29,"2022-10-24",NA,1,"2022-10-24","9_pbdb_occs_base.R",1,"adam.kocsis@fau.de","Adam Tibor Kocsis","data.frame","R",NA,NA,"pbdb_occs.rds",29,"10.5072/zenodo.1121997","https://sandbox.zenodo.org/record/1121997/files/pbdb_occs.rds?download=1",NA,"07ca19e907a19a8e15aa1e11742e1fe7",1,"rds","Zenodo","data.frame"
"fossils","pbdb","The Paleobiology Database","https://paleobiodb.org/",7,"baseref","Basic denormalized occurrence table with references","https://chronosphere-portal.github.io/docs/pbdb/","https://paleobiodb.org/data1.2/occs/list.csv?datainfo&rowcount&interval=Ediacaran,Holocene&show=class,classext,genus,subgenus,coll,coords,loc,paleoloc,strat,stratext,lith,env,ref,crmod,timebins,timecompare,refattr,entname","20220422",1,"2022-04-22",1,"CC BY 4.0","species","NA","Please remember to acknowledge the Paleobiology Database (http://paleobiodb.org) in your publication.","paleo,occurrences",FALSE,30,"2022-10-24",NA,1,"2022-10-24","10_pbdb_occs_baseref.R",1,"adam.kocsis@fau.de","Adam Tibor Kocsis","data.frame","R",NA,NA,"pbdb_occs.rds",29,"10.5072/zenodo.1121997","https://sandbox.zenodo.org/record/1121997/files/pbdb_occs.rds?download=1",NA,"07ca19e907a19a8e15aa1e11742e1fe7",1,"rds","Zenodo","data.frame"
"fossils","pbdb","The Paleobiology Database","https://paleobiodb.org/",8,"base3","Basic denormalized occurrence table with references, updated with abundances","https://chronosphere-portal.github.io/docs/pbdb/","https://paleobiodb.org/data1.2/occs/list.csv?datainfo&rowcount&interval=Ediacaran,Holocene&show=class,classext,genus,subgenus,coll,coords,loc,paleoloc,strat,stratext,lith,env,ref,crmod,timebins,timecompare,refattr,entname,attr,ident,img,plant,abund,ecospace,taphonomy,etbasis,pres,prot,lithext,geo,methods,resgroup,refattr,ent","20220422",1,"2022-04-22",1,"CC BY 4.0","species","NA","Please remember to acknowledge the Paleobiology Database (http://paleobiodb.org) in your publication.","paleo,occurrences",TRUE,31,"2022-10-24",NA,1,"2022-08-10","7_pbdb_occs.R",1,"adam.kocsis@fau.de","Adam Tibor Kocsis","data.frame","R",NA,NA,"pbdb_occs.rds",29,"10.5072/zenodo.1121997","https://sandbox.zenodo.org/record/1121997/files/pbdb_occs.rds?download=1",NA,"07ca19e907a19a8e15aa1e11742e1fe7",1,"rds","Zenodo","data.frame"
"fossils","pbdb","The Paleobiology Database","https://paleobiodb.org/",5,"base","Basic denormalized occurrence table (chronosphere)","https://chronosphere-portal.github.io/docs/pbdb/","https://paleobiodb.org/data1.2/occs/list.csv?datainfo&rowcount&interval=Ediacaran,Holocene&show=class,classext,genus,subgenus,coll,coords,loc,paleoloc,strat,stratext,lith,env,ref,crmod,timebins,timecompare,refattr,entname,attr,ident,img,plant,abund,ecospace,taphonomy,etbasis,pres,prot,lithext,geo,methods,resgroup,refattr,ent","20220423",1,"2022-04-23",1,"CC BY 4.0","species","NA","Please remember to acknowledge the Paleobiology Database (http://paleobiodb.org) in your publication.","paleo,occurrences",FALSE,32,"2022-10-24",NA,1,"2022-10-24","9_pbdb_occs_base.R",1,"adam.kocsis@fau.de","Adam Tibor Kocsis","data.frame","R",NA,NA,"pbdb_occs.rds",32,"10.5072/zenodo.1122000","https://sandbox.zenodo.org/record/1122000/files/pbdb_occs.rds?download=1",NA,"e68233e68a68773239c0f2044a665a9c",1,"rds","Zenodo","data.frame"
"fossils","pbdb","The Paleobiology Database","https://paleobiodb.org/",7,"baseref","Basic denormalized occurrence table with references","https://chronosphere-portal.github.io/docs/pbdb/","https://paleobiodb.org/data1.2/occs/list.csv?datainfo&rowcount&interval=Ediacaran,Holocene&show=class,classext,genus,subgenus,coll,coords,loc,paleoloc,strat,stratext,lith,env,ref,crmod,timebins,timecompare,refattr,entname","20220423",1,"2022-04-23",1,"CC BY 4.0","species","NA","Please remember to acknowledge the Paleobiology Database (http://paleobiodb.org) in your publication.","paleo,occurrences",FALSE,33,"2022-10-24",NA,1,"2022-10-24","10_pbdb_occs_baseref.R",1,"adam.kocsis@fau.de","Adam Tibor Kocsis","data.frame","R",NA,NA,"pbdb_occs.rds",32,"10.5072/zenodo.1122000","https://sandbox.zenodo.org/record/1122000/files/pbdb_occs.rds?download=1",NA,"e68233e68a68773239c0f2044a665a9c",1,"rds","Zenodo","data.frame"
"fossils","pbdb","The Paleobiology Database","https://paleobiodb.org/",8,"base3","Basic denormalized occurrence table with references, updated with abundances","https://chronosphere-portal.github.io/docs/pbdb/","https://paleobiodb.org/data1.2/occs/list.csv?datainfo&rowcount&interval=Ediacaran,Holocene&show=class,classext,genus,subgenus,coll,coords,loc,paleoloc,strat,stratext,lith,env,ref,crmod,timebins,timecompare,refattr,entname,attr,ident,img,plant,abund,ecospace,taphonomy,etbasis,pres,prot,lithext,geo,methods,resgroup,refattr,ent","20220423",1,"2022-04-23",1,"CC BY 4.0","species","NA","Please remember to acknowledge the Paleobiology Database (http://paleobiodb.org) in your publication.","paleo,occurrences",TRUE,34,"2022-10-24",NA,1,"2022-08-10","7_pbdb_occs.R",1,"adam.kocsis@fau.de","Adam Tibor Kocsis","data.frame","R",NA,NA,"pbdb_occs.rds",32,"10.5072/zenodo.1122000","https://sandbox.zenodo.org/record/1122000/files/pbdb_occs.rds?download=1",NA,"e68233e68a68773239c0f2044a665a9c",1,"rds","Zenodo","data.frame"
"fossils","pbdb","The Paleobiology Database","https://paleobiodb.org/",5,"base","Basic denormalized occurrence table (chronosphere)","https://chronosphere-portal.github.io/docs/pbdb/","https://paleobiodb.org/data1.2/occs/list.csv?datainfo&rowcount&interval=Ediacaran,Holocene&show=class,classext,genus,subgenus,coll,coords,loc,paleoloc,strat,stratext,lith,env,ref,crmod,timebins,timecompare,refattr,entname,attr,ident,img,plant,abund,ecospace,taphonomy,etbasis,pres,prot,lithext,geo,methods,resgroup,refattr,ent","20220425",1,"2022-04-25",1,"CC BY 4.0","species","NA","Please remember to acknowledge the Paleobiology Database (http://paleobiodb.org) in your publication.","paleo,occurrences",FALSE,35,"2022-10-24",NA,1,"2022-10-24","9_pbdb_occs_base.R",1,"adam.kocsis@fau.de","Adam Tibor Kocsis","data.frame","R",NA,NA,"pbdb_occs.rds",35,"10.5072/zenodo.1122005","https://sandbox.zenodo.org/record/1122005/files/pbdb_occs.rds?download=1",NA,"88a9596a50e8fa660cc3d002c0cb13a5",1,"rds","Zenodo","data.frame"
"fossils","pbdb","The Paleobiology Database","https://paleobiodb.org/",7,"baseref","Basic denormalized occurrence table with references","https://chronosphere-portal.github.io/docs/pbdb/","https://paleobiodb.org/data1.2/occs/list.csv?datainfo&rowcount&interval=Ediacaran,Holocene&show=class,classext,genus,subgenus,coll,coords,loc,paleoloc,strat,stratext,lith,env,ref,crmod,timebins,timecompare,refattr,entname","20220425",1,"2022-04-25",1,"CC BY 4.0","species","NA","Please remember to acknowledge the Paleobiology Database (http://paleobiodb.org) in your publication.","paleo,occurrences",FALSE,36,"2022-10-24",NA,1,"2022-10-24","10_pbdb_occs_baseref.R",1,"adam.kocsis@fau.de","Adam Tibor Kocsis","data.frame","R",NA,NA,"pbdb_occs.rds",35,"10.5072/zenodo.1122005","https://sandbox.zenodo.org/record/1122005/files/pbdb_occs.rds?download=1",NA,"88a9596a50e8fa660cc3d002c0cb13a5",1,"rds","Zenodo","data.frame"
"fossils","pbdb","The Paleobiology Database","https://paleobiodb.org/",8,"base3","Basic denormalized occurrence table with references, updated with abundances","https://chronosphere-portal.github.io/docs/pbdb/","https://paleobiodb.org/data1.2/occs/list.csv?datainfo&rowcount&interval=Ediacaran,Holocene&show=class,classext,genus,subgenus,coll,coords,loc,paleoloc,strat,stratext,lith,env,ref,crmod,timebins,timecompare,refattr,entname,attr,ident,img,plant,abund,ecospace,taphonomy,etbasis,pres,prot,lithext,geo,methods,resgroup,refattr,ent","20220425",1,"2022-04-25",1,"CC BY 4.0","species","NA","Please remember to acknowledge the Paleobiology Database (http://paleobiodb.org) in your publication.","paleo,occurrences",TRUE,37,"2022-10-24",NA,1,"2022-08-10","7_pbdb_occs.R",1,"adam.kocsis@fau.de","Adam Tibor Kocsis","data.frame","R",NA,NA,"pbdb_occs.rds",35,"10.5072/zenodo.1122005","https://sandbox.zenodo.org/record/1122005/files/pbdb_occs.rds?download=1",NA,"88a9596a50e8fa660cc3d002c0cb13a5",1,"rds","Zenodo","data.frame"
"fossils","pbdb","The Paleobiology Database","https://paleobiodb.org/",5,"base","Basic denormalized occurrence table (chronosphere)","https://chronosphere-portal.github.io/docs/pbdb/","https://paleobiodb.org/data1.2/occs/list.csv?datainfo&rowcount&interval=Ediacaran,Holocene&show=class,classext,genus,subgenus,coll,coords,loc,paleoloc,strat,stratext,lith,env,ref,crmod,timebins,timecompare,refattr,entname,attr,ident,img,plant,abund,ecospace,taphonomy,etbasis,pres,prot,lithext,geo,methods,resgroup,refattr,ent","20220427",1,"2022-04-27",1,"CC BY 4.0","species","NA","Please remember to acknowledge the Paleobiology Database (http://paleobiodb.org) in your publication.","paleo,occurrences",FALSE,38,"2022-10-24",NA,1,"2022-10-24","9_pbdb_occs_base.R",1,"adam.kocsis@fau.de","Adam Tibor Kocsis","data.frame","R",NA,NA,"pbdb_occs.rds",38,"10.5072/zenodo.1122006","https://sandbox.zenodo.org/record/1122006/files/pbdb_occs.rds?download=1",NA,"c4d5c6b1763ec2b1192d16da2ebb4d94",1,"rds","Zenodo","data.frame"
"fossils","pbdb","The Paleobiology Database","https://paleobiodb.org/",7,"baseref","Basic denormalized occurrence table with references","https://chronosphere-portal.github.io/docs/pbdb/","https://paleobiodb.org/data1.2/occs/list.csv?datainfo&rowcount&interval=Ediacaran,Holocene&show=class,classext,genus,subgenus,coll,coords,loc,paleoloc,strat,stratext,lith,env,ref,crmod,timebins,timecompare,refattr,entname","20220427",1,"2022-04-27",1,"CC BY 4.0","species","NA","Please remember to acknowledge the Paleobiology Database (http://paleobiodb.org) in your publication.","paleo,occurrences",FALSE,39,"2022-10-24",NA,1,"2022-10-24","10_pbdb_occs_baseref.R",1,"adam.kocsis@fau.de","Adam Tibor Kocsis","data.frame","R",NA,NA,"pbdb_occs.rds",38,"10.5072/zenodo.1122006","https://sandbox.zenodo.org/record/1122006/files/pbdb_occs.rds?download=1",NA,"c4d5c6b1763ec2b1192d16da2ebb4d94",1,"rds","Zenodo","data.frame"
"fossils","pbdb","The Paleobiology Database","https://paleobiodb.org/",8,"base3","Basic denormalized occurrence table with references, updated with abundances","https://chronosphere-portal.github.io/docs/pbdb/","https://paleobiodb.org/data1.2/occs/list.csv?datainfo&rowcount&interval=Ediacaran,Holocene&show=class,classext,genus,subgenus,coll,coords,loc,paleoloc,strat,stratext,lith,env,ref,crmod,timebins,timecompare,refattr,entname,attr,ident,img,plant,abund,ecospace,taphonomy,etbasis,pres,prot,lithext,geo,methods,resgroup,refattr,ent","20220427",1,"2022-04-27",1,"CC BY 4.0","species","NA","Please remember to acknowledge the Paleobiology Database (http://paleobiodb.org) in your publication.","paleo,occurrences",TRUE,40,"2022-10-24",NA,1,"2022-08-10","7_pbdb_occs.R",1,"adam.kocsis@fau.de","Adam Tibor Kocsis","data.frame","R",NA,NA,"pbdb_occs.rds",38,"10.5072/zenodo.1122006","https://sandbox.zenodo.org/record/1122006/files/pbdb_occs.rds?download=1",NA,"c4d5c6b1763ec2b1192d16da2ebb4d94",1,"rds","Zenodo","data.frame"
"fossils","pbdb","The Paleobiology Database","https://paleobiodb.org/",5,"base","Basic denormalized occurrence table (chronosphere)","https://chronosphere-portal.github.io/docs/pbdb/","https://paleobiodb.org/data1.2/occs/list.csv?datainfo&rowcount&interval=Ediacaran,Holocene&show=class,classext,genus,subgenus,coll,coords,loc,paleoloc,strat,stratext,lith,env,ref,crmod,timebins,timecompare,refattr,entname,attr,ident,img,plant,abund,ecospace,taphonomy,etbasis,pres,prot,lithext,geo,methods,resgroup,refattr,ent","20220428",1,"2022-04-28",1,"CC BY 4.0","species","NA","Please remember to acknowledge the Paleobiology Database (http://paleobiodb.org) in your publication.","paleo,occurrences",FALSE,41,"2022-10-24",NA,1,"2022-10-24","9_pbdb_occs_base.R",1,"adam.kocsis@fau.de","Adam Tibor Kocsis","data.frame","R",NA,NA,"pbdb_occs.rds",41,"10.5072/zenodo.1122007","https://sandbox.zenodo.org/record/1122007/files/pbdb_occs.rds?download=1",NA,"1792a1a56ce1fe6e1c0786088838f90f",1,"rds","Zenodo","data.frame"
"fossils","pbdb","The Paleobiology Database","https://paleobiodb.org/",7,"baseref","Basic denormalized occurrence table with references","https://chronosphere-portal.github.io/docs/pbdb/","https://paleobiodb.org/data1.2/occs/list.csv?datainfo&rowcount&interval=Ediacaran,Holocene&show=class,classext,genus,subgenus,coll,coords,loc,paleoloc,strat,stratext,lith,env,ref,crmod,timebins,timecompare,refattr,entname","20220428",1,"2022-04-28",1,"CC BY 4.0","species","NA","Please remember to acknowledge the Paleobiology Database (http://paleobiodb.org) in your publication.","paleo,occurrences",FALSE,42,"2022-10-24",NA,1,"2022-10-24","10_pbdb_occs_baseref.R",1,"adam.kocsis@fau.de","Adam Tibor Kocsis","data.frame","R",NA,NA,"pbdb_occs.rds",41,"10.5072/zenodo.1122007","https://sandbox.zenodo.org/record/1122007/files/pbdb_occs.rds?download=1",NA,"1792a1a56ce1fe6e1c0786088838f90f",1,"rds","Zenodo","data.frame"
"fossils","pbdb","The Paleobiology Database","https://paleobiodb.org/",8,"base3","Basic denormalized occurrence table with references, updated with abundances","https://chronosphere-portal.github.io/docs/pbdb/","https://paleobiodb.org/data1.2/occs/list.csv?datainfo&rowcount&interval=Ediacaran,Holocene&show=class,classext,genus,subgenus,coll,coords,loc,paleoloc,strat,stratext,lith,env,ref,crmod,timebins,timecompare,refattr,entname,attr,ident,img,plant,abund,ecospace,taphonomy,etbasis,pres,prot,lithext,geo,methods,resgroup,refattr,ent","20220428",1,"2022-04-28",1,"CC BY 4.0","species","NA","Please remember to acknowledge the Paleobiology Database (http://paleobiodb.org) in your publication.","paleo,occurrences",TRUE,43,"2022-10-24",NA,1,"2022-08-10","7_pbdb_occs.R",1,"adam.kocsis@fau.de","Adam Tibor Kocsis","data.frame","R",NA,NA,"pbdb_occs.rds",41,"10.5072/zenodo.1122007","https://sandbox.zenodo.org/record/1122007/files/pbdb_occs.rds?download=1",NA,"1792a1a56ce1fe6e1c0786088838f90f",1,"rds","Zenodo","data.frame"
"fossils","pbdb","The Paleobiology Database","https://paleobiodb.org/",5,"base","Basic denormalized occurrence table (chronosphere)","https://chronosphere-portal.github.io/docs/pbdb/","https://paleobiodb.org/data1.2/occs/list.csv?datainfo&rowcount&interval=Ediacaran,Holocene&show=class,classext,genus,subgenus,coll,coords,loc,paleoloc,strat,stratext,lith,env,ref,crmod,timebins,timecompare,refattr,entname,attr,ident,img,plant,abund,ecospace,taphonomy,etbasis,pres,prot,lithext,geo,methods,resgroup,refattr,ent","20221027",1,"2022-10-27",1,"CC BY 4.0","species","NA","Please remember to acknowledge the Paleobiology Database (http://paleobiodb.org) in your publication.","paleo,occurrences",FALSE,44,"2022-10-27",NA,1,"2022-10-24","9_pbdb_occs_base.R",1,"adam.kocsis@fau.de","Adam Tibor Kocsis","data.frame","R",NA,NA,"pbdb_occs.rds",44,"10.5072/zenodo.1123525","https://sandbox.zenodo.org/record/1123525/files/pbdb_occs.rds?download=1",NA,"6b52a6eefc2c5469b135f35e195b2145",1,"rds","Zenodo","data.frame"
"fossils","pbdb","The Paleobiology Database","https://paleobiodb.org/",7,"baseref","Basic denormalized occurrence table with references","https://chronosphere-portal.github.io/docs/pbdb/","https://paleobiodb.org/data1.2/occs/list.csv?datainfo&rowcount&interval=Ediacaran,Holocene&show=class,classext,genus,subgenus,coll,coords,loc,paleoloc,strat,stratext,lith,env,ref,crmod,timebins,timecompare,refattr,entname","20221027",1,"2022-10-27",1,"CC BY 4.0","species","NA","Please remember to acknowledge the Paleobiology Database (http://paleobiodb.org) in your publication.","paleo,occurrences",FALSE,45,"2022-10-27",NA,1,"2022-10-24","10_pbdb_occs_baseref.R",1,"adam.kocsis@fau.de","Adam Tibor Kocsis","data.frame","R",NA,NA,"pbdb_occs.rds",44,"10.5072/zenodo.1123525","https://sandbox.zenodo.org/record/1123525/files/pbdb_occs.rds?download=1",NA,"6b52a6eefc2c5469b135f35e195b2145",1,"rds","Zenodo","data.frame"
"fossils","pbdb","The Paleobiology Database","https://paleobiodb.org/",8,"base3","Basic denormalized occurrence table with references, updated with abundances","https://chronosphere-portal.github.io/docs/pbdb/","https://paleobiodb.org/data1.2/occs/list.csv?datainfo&rowcount&interval=Ediacaran,Holocene&show=class,classext,genus,subgenus,coll,coords,loc,paleoloc,strat,stratext,lith,env,ref,crmod,timebins,timecompare,refattr,entname,attr,ident,img,plant,abund,ecospace,taphonomy,etbasis,pres,prot,lithext,geo,methods,resgroup,refattr,ent","20221027",1,"2022-10-27",1,"CC BY 4.0","species","NA","Please remember to acknowledge the Paleobiology Database (http://paleobiodb.org) in your publication.","paleo,occurrences",TRUE,46,"2022-10-27",NA,1,"2022-08-10","7_pbdb_occs.R",1,"adam.kocsis@fau.de","Adam Tibor Kocsis","data.frame","R",NA,NA,"pbdb_occs.rds",44,"10.5072/zenodo.1123525","https://sandbox.zenodo.org/record/1123525/files/pbdb_occs.rds?download=1",NA,"6b52a6eefc2c5469b135f35e195b2145",1,"rds","Zenodo","data.frame"
"fossils","pbdb","The Paleobiology Database","https://paleobiodb.org/",5,"base","Basic denormalized occurrence table (chronosphere)","https://chronosphere-portal.github.io/docs/pbdb/","https://paleobiodb.org/data1.2/occs/list.csv?datainfo&rowcount&interval=Ediacaran,Holocene&show=class,classext,genus,subgenus,coll,coords,loc,paleoloc,strat,stratext,lith,env,ref,crmod,timebins,timecompare,refattr,entname,attr,ident,img,plant,abund,ecospace,taphonomy,etbasis,pres,prot,lithext,geo,methods,resgroup,refattr,ent","20221028",1,"2022-10-28",1,"CC BY 4.0","species","NA","Please remember to acknowledge the Paleobiology Database (http://paleobiodb.org) in your publication.","paleo,occurrences",FALSE,47,"2022-10-28",NA,1,"2022-10-24","9_pbdb_occs_base.R",1,"adam.kocsis@fau.de","Adam Tibor Kocsis","data.frame","R",NA,NA,"pbdb_occs.rds",47,"10.5072/zenodo.1124261","https://sandbox.zenodo.org/record/1124261/files/pbdb_occs.rds?download=1",NA,"4ed4cd5b9e498543c593d999bbde3505",1,"rds","Zenodo","data.frame"
"fossils","pbdb","The Paleobiology Database","https://paleobiodb.org/",7,"baseref","Basic denormalized occurrence table with references","https://chronosphere-portal.github.io/docs/pbdb/","https://paleobiodb.org/data1.2/occs/list.csv?datainfo&rowcount&interval=Ediacaran,Holocene&show=class,classext,genus,subgenus,coll,coords,loc,paleoloc,strat,stratext,lith,env,ref,crmod,timebins,timecompare,refattr,entname","20221028",1,"2022-10-28",1,"CC BY 4.0","species","NA","Please remember to acknowledge the Paleobiology Database (http://paleobiodb.org) in your publication.","paleo,occurrences",FALSE,48,"2022-10-28",NA,1,"2022-10-24","10_pbdb_occs_baseref.R",1,"adam.kocsis@fau.de","Adam Tibor Kocsis","data.frame","R",NA,NA,"pbdb_occs.rds",47,"10.5072/zenodo.1124261","https://sandbox.zenodo.org/record/1124261/files/pbdb_occs.rds?download=1",NA,"4ed4cd5b9e498543c593d999bbde3505",1,"rds","Zenodo","data.frame"
"fossils","pbdb","The Paleobiology Database","https://paleobiodb.org/",8,"base3","Basic denormalized occurrence table with references, updated with abundances","https://chronosphere-portal.github.io/docs/pbdb/","https://paleobiodb.org/data1.2/occs/list.csv?datainfo&rowcount&interval=Ediacaran,Holocene&show=class,classext,genus,subgenus,coll,coords,loc,paleoloc,strat,stratext,lith,env,ref,crmod,timebins,timecompare,refattr,entname,attr,ident,img,plant,abund,ecospace,taphonomy,etbasis,pres,prot,lithext,geo,methods,resgroup,refattr,ent","20221028",1,"2022-10-28",1,"CC BY 4.0","species","NA","Please remember to acknowledge the Paleobiology Database (http://paleobiodb.org) in your publication.","paleo,occurrences",TRUE,49,"2022-10-28",NA,1,"2022-08-10","7_pbdb_occs.R",1,"adam.kocsis@fau.de","Adam Tibor Kocsis","data.frame","R",NA,NA,"pbdb_occs.rds",47,"10.5072/zenodo.1124261","https://sandbox.zenodo.org/record/1124261/files/pbdb_occs.rds?download=1",NA,"4ed4cd5b9e498543c593d999bbde3505",1,"rds","Zenodo","data.frame"
"fossils","pbdb","The Paleobiology Database","https://paleobiodb.org/",5,"base","Basic denormalized occurrence table (chronosphere)","https://chronosphere-portal.github.io/docs/pbdb/","https://paleobiodb.org/data1.2/occs/list.csv?datainfo&rowcount&interval=Ediacaran,Holocene&show=class,classext,genus,subgenus,coll,coords,loc,paleoloc,strat,stratext,lith,env,ref,crmod,timebins,timecompare,refattr,entname,attr,ident,img,plant,abund,ecospace,taphonomy,etbasis,pres,prot,lithext,geo,methods,resgroup,refattr,ent","20221031",1,"2022-10-31",1,"CC BY 4.0","species","NA","Please remember to acknowledge the Paleobiology Database (http://paleobiodb.org) in your publication.","paleo,occurrences",FALSE,50,"2022-10-31",NA,1,"2022-10-24","9_pbdb_occs_base.R",1,"adam.kocsis@fau.de","Adam Tibor Kocsis","data.frame","R",NA,NA,"pbdb_occs.rds",50,"10.5072/zenodo.1124724","https://sandbox.zenodo.org/record/1124724/files/pbdb_occs.rds?download=1",NA,"d92b6cccbc6cda2ff79af974c9d091c2",1,"rds","Zenodo","data.frame"
"fossils","pbdb","The Paleobiology Database","https://paleobiodb.org/",7,"baseref","Basic denormalized occurrence table with references","https://chronosphere-portal.github.io/docs/pbdb/","https://paleobiodb.org/data1.2/occs/list.csv?datainfo&rowcount&interval=Ediacaran,Holocene&show=class,classext,genus,subgenus,coll,coords,loc,paleoloc,strat,stratext,lith,env,ref,crmod,timebins,timecompare,refattr,entname","20221031",1,"2022-10-31",1,"CC BY 4.0","species","NA","Please remember to acknowledge the Paleobiology Database (http://paleobiodb.org) in your publication.","paleo,occurrences",FALSE,51,"2022-10-31",NA,1,"2022-10-24","10_pbdb_occs_baseref.R",1,"adam.kocsis@fau.de","Adam Tibor Kocsis","data.frame","R",NA,NA,"pbdb_occs.rds",50,"10.5072/zenodo.1124724","https://sandbox.zenodo.org/record/1124724/files/pbdb_occs.rds?download=1",NA,"d92b6cccbc6cda2ff79af974c9d091c2",1,"rds","Zenodo","data.frame"
"fossils","pbdb","The Paleobiology Database","https://paleobiodb.org/",8,"base3","Basic denormalized occurrence table with references, updated with abundances","https://chronosphere-portal.github.io/docs/pbdb/","https://paleobiodb.org/data1.2/occs/list.csv?datainfo&rowcount&interval=Ediacaran,Holocene&show=class,classext,genus,subgenus,coll,coords,loc,paleoloc,strat,stratext,lith,env,ref,crmod,timebins,timecompare,refattr,entname,attr,ident,img,plant,abund,ecospace,taphonomy,etbasis,pres,prot,lithext,geo,methods,resgroup,refattr,ent","20221031",1,"2022-10-31",1,"CC BY 4.0","species","NA","Please remember to acknowledge the Paleobiology Database (http://paleobiodb.org) in your publication.","paleo,occurrences",TRUE,52,"2022-10-31",NA,1,"2022-08-10","7_pbdb_occs.R",1,"adam.kocsis@fau.de","Adam Tibor Kocsis","data.frame","R",NA,NA,"pbdb_occs.rds",50,"10.5072/zenodo.1124724","https://sandbox.zenodo.org/record/1124724/files/pbdb_occs.rds?download=1",NA,"d92b6cccbc6cda2ff79af974c9d091c2",1,"rds","Zenodo","data.frame"
"fossils","pbdb","The Paleobiology Database","https://paleobiodb.org/",5,"base","Basic denormalized occurrence table (chronosphere)","https://chronosphere-portal.github.io/docs/pbdb/","https://paleobiodb.org/data1.2/occs/list.csv?datainfo&rowcount&interval=Ediacaran,Holocene&show=class,classext,genus,subgenus,coll,coords,loc,paleoloc,strat,stratext,lith,env,ref,crmod,timebins,timecompare,refattr,entname,attr,ident,img,plant,abund,ecospace,taphonomy,etbasis,pres,prot,lithext,geo,methods,resgroup,refattr,ent","20221102",1,"2022-11-02",1,"CC BY 4.0","species","NA","Please remember to acknowledge the Paleobiology Database (http://paleobiodb.org) in your publication.","paleo,occurrences",FALSE,53,"2022-11-02",NA,1,"2022-10-24","9_pbdb_occs_base.R",1,"adam.kocsis@fau.de","Adam Tibor Kocsis","data.frame","R",NA,NA,"pbdb_occs.rds",53,"10.5072/zenodo.1125583","https://sandbox.zenodo.org/record/1125583/files/pbdb_occs.rds?download=1",NA,"7c02c121aa8c66fa5ddacc19eb3c46bb",1,"rds","Zenodo","data.frame"
"fossils","pbdb","The Paleobiology Database","https://paleobiodb.org/",7,"baseref","Basic denormalized occurrence table with references","https://chronosphere-portal.github.io/docs/pbdb/","https://paleobiodb.org/data1.2/occs/list.csv?datainfo&rowcount&interval=Ediacaran,Holocene&show=class,classext,genus,subgenus,coll,coords,loc,paleoloc,strat,stratext,lith,env,ref,crmod,timebins,timecompare,refattr,entname","20221102",1,"2022-11-02",1,"CC BY 4.0","species","NA","Please remember to acknowledge the Paleobiology Database (http://paleobiodb.org) in your publication.","paleo,occurrences",FALSE,54,"2022-11-02",NA,1,"2022-10-24","10_pbdb_occs_baseref.R",1,"adam.kocsis@fau.de","Adam Tibor Kocsis","data.frame","R",NA,NA,"pbdb_occs.rds",53,"10.5072/zenodo.1125583","https://sandbox.zenodo.org/record/1125583/files/pbdb_occs.rds?download=1",NA,"7c02c121aa8c66fa5ddacc19eb3c46bb",1,"rds","Zenodo","data.frame"
"fossils","pbdb","The Paleobiology Database","https://paleobiodb.org/",8,"base3","Basic denormalized occurrence table with references, updated with abundances","https://chronosphere-portal.github.io/docs/pbdb/","https://paleobiodb.org/data1.2/occs/list.csv?datainfo&rowcount&interval=Ediacaran,Holocene&show=class,classext,genus,subgenus,coll,coords,loc,paleoloc,strat,stratext,lith,env,ref,crmod,timebins,timecompare,refattr,entname,attr,ident,img,plant,abund,ecospace,taphonomy,etbasis,pres,prot,lithext,geo,methods,resgroup,refattr,ent","20221102",1,"2022-11-02",1,"CC BY 4.0","species","NA","Please remember to acknowledge the Paleobiology Database (http://paleobiodb.org) in your publication.","paleo,occurrences",TRUE,55,"2022-11-02",NA,1,"2022-08-10","7_pbdb_occs.R",1,"adam.kocsis@fau.de","Adam Tibor Kocsis","data.frame","R",NA,NA,"pbdb_occs.rds",53,"10.5072/zenodo.1125583","https://sandbox.zenodo.org/record/1125583/files/pbdb_occs.rds?download=1",NA,"7c02c121aa8c66fa5ddacc19eb3c46bb",1,"rds","Zenodo","data.frame"
"fossils","pbdb","The Paleobiology Database","https://paleobiodb.org/",5,"base","Basic denormalized occurrence table (chronosphere)","https://chronosphere-portal.github.io/docs/pbdb/","https://paleobiodb.org/data1.2/occs/list.csv?datainfo&rowcount&interval=Ediacaran,Holocene&show=class,classext,genus,subgenus,coll,coords,loc,paleoloc,strat,stratext,lith,env,ref,crmod,timebins,timecompare,refattr,entname,attr,ident,img,plant,abund,ecospace,taphonomy,etbasis,pres,prot,lithext,geo,methods,resgroup,refattr,ent","20221103",1,"2022-11-03",1,"CC BY 4.0","species","NA","Please remember to acknowledge the Paleobiology Database (http://paleobiodb.org) in your publication.","paleo,occurrences",FALSE,56,"2022-11-03",NA,1,"2022-10-24","9_pbdb_occs_base.R",1,"adam.kocsis@fau.de","Adam Tibor Kocsis","data.frame","R",NA,NA,"pbdb_occs.rds",56,"10.5072/zenodo.1125768","https://sandbox.zenodo.org/record/1125768/files/pbdb_occs.rds?download=1",NA,"062ad95f427662228a23b9891d17f98d",1,"rds","Zenodo","data.frame"
"fossils","pbdb","The Paleobiology Database","https://paleobiodb.org/",7,"baseref","Basic denormalized occurrence table with references","https://chronosphere-portal.github.io/docs/pbdb/","https://paleobiodb.org/data1.2/occs/list.csv?datainfo&rowcount&interval=Ediacaran,Holocene&show=class,classext,genus,subgenus,coll,coords,loc,paleoloc,strat,stratext,lith,env,ref,crmod,timebins,timecompare,refattr,entname","20221103",1,"2022-11-03",1,"CC BY 4.0","species","NA","Please remember to acknowledge the Paleobiology Database (http://paleobiodb.org) in your publication.","paleo,occurrences",FALSE,57,"2022-11-03",NA,1,"2022-10-24","10_pbdb_occs_baseref.R",1,"adam.kocsis@fau.de","Adam Tibor Kocsis","data.frame","R",NA,NA,"pbdb_occs.rds",56,"10.5072/zenodo.1125768","https://sandbox.zenodo.org/record/1125768/files/pbdb_occs.rds?download=1",NA,"062ad95f427662228a23b9891d17f98d",1,"rds","Zenodo","data.frame"
"fossils","pbdb","The Paleobiology Database","https://paleobiodb.org/",8,"base3","Basic denormalized occurrence table with references, updated with abundances","https://chronosphere-portal.github.io/docs/pbdb/","https://paleobiodb.org/data1.2/occs/list.csv?datainfo&rowcount&interval=Ediacaran,Holocene&show=class,classext,genus,subgenus,coll,coords,loc,paleoloc,strat,stratext,lith,env,ref,crmod,timebins,timecompare,refattr,entname,attr,ident,img,plant,abund,ecospace,taphonomy,etbasis,pres,prot,lithext,geo,methods,resgroup,refattr,ent","20221103",1,"2022-11-03",1,"CC BY 4.0","species","NA","Please remember to acknowledge the Paleobiology Database (http://paleobiodb.org) in your publication.","paleo,occurrences",TRUE,58,"2022-11-03",NA,1,"2022-08-10","7_pbdb_occs.R",1,"adam.kocsis@fau.de","Adam Tibor Kocsis","data.frame","R",NA,NA,"pbdb_occs.rds",56,"10.5072/zenodo.1125768","https://sandbox.zenodo.org/record/1125768/files/pbdb_occs.rds?download=1",NA,"062ad95f427662228a23b9891d17f98d",1,"rds","Zenodo","data.frame"
"fossils","pbdb","The Paleobiology Database","https://paleobiodb.org/",5,"base","Basic denormalized occurrence table (chronosphere)","https://chronosphere-portal.github.io/docs/pbdb/","https://paleobiodb.org/data1.2/occs/list.csv?datainfo&rowcount&interval=Ediacaran,Holocene&show=class,classext,genus,subgenus,coll,coords,loc,paleoloc,strat,stratext,lith,env,ref,crmod,timebins,timecompare,refattr,entname,attr,ident,img,plant,abund,ecospace,taphonomy,etbasis,pres,prot,lithext,geo,methods,resgroup,refattr,ent","20221104",1,"2022-11-04",1,"CC BY 4.0","species","NA","Please remember to acknowledge the Paleobiology Database (http://paleobiodb.org) in your publication.","paleo,occurrences",FALSE,59,"2022-11-04",NA,1,"2022-10-24","9_pbdb_occs_base.R",1,"adam.kocsis@fau.de","Adam Tibor Kocsis","data.frame","R",NA,NA,"pbdb_occs.rds",59,"10.5072/zenodo.1126392","https://sandbox.zenodo.org/record/1126392/files/pbdb_occs.rds?download=1",NA,"4b1d46e5dd02e842a9e495ff27bf8a77",1,"rds","Zenodo","data.frame"
"fossils","pbdb","The Paleobiology Database","https://paleobiodb.org/",7,"baseref","Basic denormalized occurrence table with references","https://chronosphere-portal.github.io/docs/pbdb/","https://paleobiodb.org/data1.2/occs/list.csv?datainfo&rowcount&interval=Ediacaran,Holocene&show=class,classext,genus,subgenus,coll,coords,loc,paleoloc,strat,stratext,lith,env,ref,crmod,timebins,timecompare,refattr,entname","20221104",1,"2022-11-04",1,"CC BY 4.0","species","NA","Please remember to acknowledge the Paleobiology Database (http://paleobiodb.org) in your publication.","paleo,occurrences",FALSE,60,"2022-11-04",NA,1,"2022-10-24","10_pbdb_occs_baseref.R",1,"adam.kocsis@fau.de","Adam Tibor Kocsis","data.frame","R",NA,NA,"pbdb_occs.rds",59,"10.5072/zenodo.1126392","https://sandbox.zenodo.org/record/1126392/files/pbdb_occs.rds?download=1",NA,"4b1d46e5dd02e842a9e495ff27bf8a77",1,"rds","Zenodo","data.frame"
"fossils","pbdb","The Paleobiology Database","https://paleobiodb.org/",8,"base3","Basic denormalized occurrence table with references, updated with abundances","https://chronosphere-portal.github.io/docs/pbdb/","https://paleobiodb.org/data1.2/occs/list.csv?datainfo&rowcount&interval=Ediacaran,Holocene&show=class,classext,genus,subgenus,coll,coords,loc,paleoloc,strat,stratext,lith,env,ref,crmod,timebins,timecompare,refattr,entname,attr,ident,img,plant,abund,ecospace,taphonomy,etbasis,pres,prot,lithext,geo,methods,resgroup,refattr,ent","20221104",1,"2022-11-04",1,"CC BY 4.0","species","NA","Please remember to acknowledge the Paleobiology Database (http://paleobiodb.org) in your publication.","paleo,occurrences",TRUE,61,"2022-11-04",NA,1,"2022-08-10","7_pbdb_occs.R",1,"adam.kocsis@fau.de","Adam Tibor Kocsis","data.frame","R",NA,NA,"pbdb_occs.rds",59,"10.5072/zenodo.1126392","https://sandbox.zenodo.org/record/1126392/files/pbdb_occs.rds?download=1",NA,"4b1d46e5dd02e842a9e495ff27bf8a77",1,"rds","Zenodo","data.frame"
"fossils","pbdb","The Paleobiology Database","https://paleobiodb.org/",5,"base","Basic denormalized occurrence table (chronosphere)","https://chronosphere-portal.github.io/docs/pbdb/","https://paleobiodb.org/data1.2/occs/list.csv?datainfo&rowcount&interval=Ediacaran,Holocene&show=class,classext,genus,subgenus,coll,coords,loc,paleoloc,strat,stratext,lith,env,ref,crmod,timebins,timecompare,refattr,entname,attr,ident,img,plant,abund,ecospace,taphonomy,etbasis,pres,prot,lithext,geo,methods,resgroup,refattr,ent","20221105",1,"2022-11-05",1,"CC BY 4.0","species","NA","Please remember to acknowledge the Paleobiology Database (http://paleobiodb.org) in your publication.","paleo,occurrences",FALSE,62,"2022-11-05",NA,1,"2022-10-24","9_pbdb_occs_base.R",1,"adam.kocsis@fau.de","Adam Tibor Kocsis","data.frame","R",NA,NA,"pbdb_occs.rds",62,"10.5072/zenodo.1126605","https://sandbox.zenodo.org/record/1126605/files/pbdb_occs.rds?download=1",NA,"9e5e2b751b3ba47afc28f57e83fcb3d2",1,"rds","Zenodo","data.frame"
"fossils","pbdb","The Paleobiology Database","https://paleobiodb.org/",7,"baseref","Basic denormalized occurrence table with references","https://chronosphere-portal.github.io/docs/pbdb/","https://paleobiodb.org/data1.2/occs/list.csv?datainfo&rowcount&interval=Ediacaran,Holocene&show=class,classext,genus,subgenus,coll,coords,loc,paleoloc,strat,stratext,lith,env,ref,crmod,timebins,timecompare,refattr,entname","20221105",1,"2022-11-05",1,"CC BY 4.0","species","NA","Please remember to acknowledge the Paleobiology Database (http://paleobiodb.org) in your publication.","paleo,occurrences",FALSE,63,"2022-11-05",NA,1,"2022-10-24","10_pbdb_occs_baseref.R",1,"adam.kocsis@fau.de","Adam Tibor Kocsis","data.frame","R",NA,NA,"pbdb_occs.rds",62,"10.5072/zenodo.1126605","https://sandbox.zenodo.org/record/1126605/files/pbdb_occs.rds?download=1",NA,"9e5e2b751b3ba47afc28f57e83fcb3d2",1,"rds","Zenodo","data.frame"
"fossils","pbdb","The Paleobiology Database","https://paleobiodb.org/",8,"base3","Basic denormalized occurrence table with references, updated with abundances","https://chronosphere-portal.github.io/docs/pbdb/","https://paleobiodb.org/data1.2/occs/list.csv?datainfo&rowcount&interval=Ediacaran,Holocene&show=class,classext,genus,subgenus,coll,coords,loc,paleoloc,strat,stratext,lith,env,ref,crmod,timebins,timecompare,refattr,entname,attr,ident,img,plant,abund,ecospace,taphonomy,etbasis,pres,prot,lithext,geo,methods,resgroup,refattr,ent","20221105",1,"2022-11-05",1,"CC BY 4.0","species","NA","Please remember to acknowledge the Paleobiology Database (http://paleobiodb.org) in your publication.","paleo,occurrences",TRUE,64,"2022-11-05",NA,1,"2022-08-10","7_pbdb_occs.R",1,"adam.kocsis@fau.de","Adam Tibor Kocsis","data.frame","R",NA,NA,"pbdb_occs.rds",62,"10.5072/zenodo.1126605","https://sandbox.zenodo.org/record/1126605/files/pbdb_occs.rds?download=1",NA,"9e5e2b751b3ba47afc28f57e83fcb3d2",1,"rds","Zenodo","data.frame"
"fossils","pbdb","The Paleobiology Database","https://paleobiodb.org/",5,"base","Basic denormalized occurrence table (chronosphere)","https://chronosphere-portal.github.io/docs/pbdb/","https://paleobiodb.org/data1.2/occs/list.csv?datainfo&rowcount&interval=Ediacaran,Holocene&show=class,classext,genus,subgenus,coll,coords,loc,paleoloc,strat,stratext,lith,env,ref,crmod,timebins,timecompare,refattr,entname,attr,ident,img,plant,abund,ecospace,taphonomy,etbasis,pres,prot,lithext,geo,methods,resgroup,refattr,ent","20221107",1,"2022-11-07",1,"CC BY 4.0","species","NA","Please remember to acknowledge the Paleobiology Database (http://paleobiodb.org) in your publication.","paleo,occurrences",FALSE,65,"2022-11-07",NA,1,"2022-10-24","9_pbdb_occs_base.R",1,"adam.kocsis@fau.de","Adam Tibor Kocsis","data.frame","R",NA,NA,"pbdb_occs.rds",65,"10.5072/zenodo.1127504","https://sandbox.zenodo.org/record/1127504/files/pbdb_occs.rds?download=1",NA,"1ce806ea5e1c01fface747d094bf4727",1,"rds","Zenodo","data.frame"
"fossils","pbdb","The Paleobiology Database","https://paleobiodb.org/",7,"baseref","Basic denormalized occurrence table with references","https://chronosphere-portal.github.io/docs/pbdb/","https://paleobiodb.org/data1.2/occs/list.csv?datainfo&rowcount&interval=Ediacaran,Holocene&show=class,classext,genus,subgenus,coll,coords,loc,paleoloc,strat,stratext,lith,env,ref,crmod,timebins,timecompare,refattr,entname","20221107",1,"2022-11-07",1,"CC BY 4.0","species","NA","Please remember to acknowledge the Paleobiology Database (http://paleobiodb.org) in your publication.","paleo,occurrences",FALSE,66,"2022-11-07",NA,1,"2022-10-24","10_pbdb_occs_baseref.R",1,"adam.kocsis@fau.de","Adam Tibor Kocsis","data.frame","R",NA,NA,"pbdb_occs.rds",65,"10.5072/zenodo.1127504","https://sandbox.zenodo.org/record/1127504/files/pbdb_occs.rds?download=1",NA,"1ce806ea5e1c01fface747d094bf4727",1,"rds","Zenodo","data.frame"
"fossils","pbdb","The Paleobiology Database","https://paleobiodb.org/",8,"base3","Basic denormalized occurrence table with references, updated with abundances","https://chronosphere-portal.github.io/docs/pbdb/","https://paleobiodb.org/data1.2/occs/list.csv?datainfo&rowcount&interval=Ediacaran,Holocene&show=class,classext,genus,subgenus,coll,coords,loc,paleoloc,strat,stratext,lith,env,ref,crmod,timebins,timecompare,refattr,entname,attr,ident,img,plant,abund,ecospace,taphonomy,etbasis,pres,prot,lithext,geo,methods,resgroup,refattr,ent","20221107",1,"2022-11-07",1,"CC BY 4.0","species","NA","Please remember to acknowledge the Paleobiology Database (http://paleobiodb.org) in your publication.","paleo,occurrences",TRUE,67,"2022-11-07",NA,1,"2022-08-10","7_pbdb_occs.R",1,"adam.kocsis@fau.de","Adam Tibor Kocsis","data.frame","R",NA,NA,"pbdb_occs.rds",65,"10.5072/zenodo.1127504","https://sandbox.zenodo.org/record/1127504/files/pbdb_occs.rds?download=1",NA,"1ce806ea5e1c01fface747d094bf4727",1,"rds","Zenodo","data.frame"
"fossils","pbdb","The Paleobiology Database","https://paleobiodb.org/",5,"base","Basic denormalized occurrence table (chronosphere)","https://chronosphere-portal.github.io/docs/pbdb/","https://paleobiodb.org/data1.2/occs/list.csv?datainfo&rowcount&interval=Ediacaran,Holocene&show=class,classext,genus,subgenus,coll,coords,loc,paleoloc,strat,stratext,lith,env,ref,crmod,timebins,timecompare,refattr,entname,attr,ident,img,plant,abund,ecospace,taphonomy,etbasis,pres,prot,lithext,geo,methods,resgroup,refattr,ent","20221108",1,"2022-11-08",1,"CC BY 4.0","species","NA","Please remember to acknowledge the Paleobiology Database (http://paleobiodb.org) in your publication.","paleo,occurrences",FALSE,68,"2022-11-08",NA,1,"2022-10-24","9_pbdb_occs_base.R",1,"adam.kocsis@fau.de","Adam Tibor Kocsis","data.frame","R",NA,NA,"pbdb_occs.rds",68,"10.5072/zenodo.1128428","https://sandbox.zenodo.org/record/1128428/files/pbdb_occs.rds?download=1",NA,"7fdb83a548b1d7b3e6cd56859bd35c4f",1,"rds","Zenodo","data.frame"
"fossils","pbdb","The Paleobiology Database","https://paleobiodb.org/",7,"baseref","Basic denormalized occurrence table with references","https://chronosphere-portal.github.io/docs/pbdb/","https://paleobiodb.org/data1.2/occs/list.csv?datainfo&rowcount&interval=Ediacaran,Holocene&show=class,classext,genus,subgenus,coll,coords,loc,paleoloc,strat,stratext,lith,env,ref,crmod,timebins,timecompare,refattr,entname","20221108",1,"2022-11-08",1,"CC BY 4.0","species","NA","Please remember to acknowledge the Paleobiology Database (http://paleobiodb.org) in your publication.","paleo,occurrences",FALSE,69,"2022-11-08",NA,1,"2022-10-24","10_pbdb_occs_baseref.R",1,"adam.kocsis@fau.de","Adam Tibor Kocsis","data.frame","R",NA,NA,"pbdb_occs.rds",68,"10.5072/zenodo.1128428","https://sandbox.zenodo.org/record/1128428/files/pbdb_occs.rds?download=1",NA,"7fdb83a548b1d7b3e6cd56859bd35c4f",1,"rds","Zenodo","data.frame"
"fossils","pbdb","The Paleobiology Database","https://paleobiodb.org/",8,"base3","Basic denormalized occurrence table with references, updated with abundances","https://chronosphere-portal.github.io/docs/pbdb/","https://paleobiodb.org/data1.2/occs/list.csv?datainfo&rowcount&interval=Ediacaran,Holocene&show=class,classext,genus,subgenus,coll,coords,loc,paleoloc,strat,stratext,lith,env,ref,crmod,timebins,timecompare,refattr,entname,attr,ident,img,plant,abund,ecospace,taphonomy,etbasis,pres,prot,lithext,geo,methods,resgroup,refattr,ent","20221108",1,"2022-11-08",1,"CC BY 4.0","species","NA","Please remember to acknowledge the Paleobiology Database (http://paleobiodb.org) in your publication.","paleo,occurrences",TRUE,70,"2022-11-08",NA,1,"2022-08-10","7_pbdb_occs.R",1,"adam.kocsis@fau.de","Adam Tibor Kocsis","data.frame","R",NA,NA,"pbdb_occs.rds",68,"10.5072/zenodo.1128428","https://sandbox.zenodo.org/record/1128428/files/pbdb_occs.rds?download=1",NA,"7fdb83a548b1d7b3e6cd56859bd35c4f",1,"rds","Zenodo","data.frame"
